day	app	value
15_03/01/2020	Adobe Illustrator CC 2018	5
15_03/01/2020	FaceTime	0
15_03/01/2020	Firefox	0
15_03/01/2020	Google Chrome	0
15_03/01/2020	InDesign CC	0
15_03/01/2020	Keynote	0
15_03/01/2020	Lightroom	10
15_03/01/2020	Mail	0
15_03/01/2020	Microsoft PowerPoint	0
15_03/01/2020	Microsoft Teams	0
15_03/01/2020	Pages	0
15_03/01/2020	Photoshop CC	362
15_03/01/2020	Safari	163
15_03/01/2020	Skype	0
15_03/01/2020	Sublime Text	0
15_03/01/2020	WhatsApp	0
15_03/01/2020	iMovie	0
15_03/01/2020	zoom.us	0
16_03/02/2020	Adobe Illustrator CC 2018	73
16_03/02/2020	FaceTime	0
16_03/02/2020	Firefox	8
16_03/02/2020	Google Chrome	0
16_03/02/2020	InDesign CC	0
16_03/02/2020	Keynote	0
16_03/02/2020	Lightroom	45
16_03/02/2020	Mail	0
16_03/02/2020	Microsoft PowerPoint	0
16_03/02/2020	Microsoft Teams	0
16_03/02/2020	Pages	0
16_03/02/2020	Photoshop CC	11
16_03/02/2020	Safari	199
16_03/02/2020	Skype	0
16_03/02/2020	Sublime Text	0
16_03/02/2020	WhatsApp	0
16_03/02/2020	iMovie	0
16_03/02/2020	zoom.us	0
17_03/03/2020	Adobe Illustrator CC 2018	0
17_03/03/2020	FaceTime	0
17_03/03/2020	Firefox	0
17_03/03/2020	Google Chrome	0
17_03/03/2020	InDesign CC	0
17_03/03/2020	Keynote	0
17_03/03/2020	Lightroom	7
17_03/03/2020	Mail	0
17_03/03/2020	Microsoft PowerPoint	0
17_03/03/2020	Microsoft Teams	0
17_03/03/2020	Pages	0
17_03/03/2020	Photoshop CC	56
17_03/03/2020	Safari	224
17_03/03/2020	Skype	0
17_03/03/2020	Sublime Text	0
17_03/03/2020	WhatsApp	0
17_03/03/2020	iMovie	0
17_03/03/2020	zoom.us	0
18_03/04/2020	Adobe Illustrator CC 2018	103
18_03/04/2020	FaceTime	0
18_03/04/2020	Firefox	0
18_03/04/2020	Google Chrome	0
18_03/04/2020	InDesign CC	0
18_03/04/2020	Keynote	0
18_03/04/2020	Lightroom	0
18_03/04/2020	Mail	0
18_03/04/2020	Microsoft PowerPoint	0
18_03/04/2020	Microsoft Teams	0
18_03/04/2020	Pages	36
18_03/04/2020	Photoshop CC	21
18_03/04/2020	Safari	97
18_03/04/2020	Skype	0
18_03/04/2020	Sublime Text	0
18_03/04/2020	WhatsApp	2
18_03/04/2020	iMovie	0
18_03/04/2020	zoom.us	0
19_03/05/2020	Adobe Illustrator CC 2018	134
19_03/05/2020	FaceTime	0
19_03/05/2020	Firefox	0
19_03/05/2020	Google Chrome	12
19_03/05/2020	InDesign CC	0
19_03/05/2020	Keynote	0
19_03/05/2020	Lightroom	0
19_03/05/2020	Mail	0
19_03/05/2020	Microsoft PowerPoint	0
19_03/05/2020	Microsoft Teams	0
19_03/05/2020	Pages	0
19_03/05/2020	Photoshop CC	281
19_03/05/2020	Safari	39
19_03/05/2020	Skype	0
19_03/05/2020	Sublime Text	58
19_03/05/2020	WhatsApp	0
19_03/05/2020	iMovie	0
19_03/05/2020	zoom.us	0
20_03/06/2020	Adobe Illustrator CC 2018	95
20_03/06/2020	FaceTime	0
20_03/06/2020	Firefox	0
20_03/06/2020	Google Chrome	0
20_03/06/2020	InDesign CC	0
20_03/06/2020	Keynote	0
20_03/06/2020	Lightroom	0
20_03/06/2020	Mail	0
20_03/06/2020	Microsoft PowerPoint	0
20_03/06/2020	Microsoft Teams	0
20_03/06/2020	Pages	0
20_03/06/2020	Photoshop CC	0
20_03/06/2020	Safari	5
20_03/06/2020	Skype	0
20_03/06/2020	Sublime Text	0
20_03/06/2020	WhatsApp	3
20_03/06/2020	iMovie	0
20_03/06/2020	zoom.us	0
21_03/07/2020	Adobe Illustrator CC 2018	0
21_03/07/2020	FaceTime	0
21_03/07/2020	Firefox	0
21_03/07/2020	Google Chrome	0
21_03/07/2020	InDesign CC	0
21_03/07/2020	Keynote	0
21_03/07/2020	Lightroom	19
21_03/07/2020	Mail	0
21_03/07/2020	Microsoft PowerPoint	0
21_03/07/2020	Microsoft Teams	0
21_03/07/2020	Pages	0
21_03/07/2020	Photoshop CC	68
21_03/07/2020	Safari	36
21_03/07/2020	Skype	0
21_03/07/2020	Sublime Text	0
21_03/07/2020	WhatsApp	0
21_03/07/2020	iMovie	0
21_03/07/2020	zoom.us	0
22_03/08/2020	Adobe Illustrator CC 2018	0
22_03/08/2020	FaceTime	0
22_03/08/2020	Firefox	0
22_03/08/2020	Google Chrome	0
22_03/08/2020	InDesign CC	0
22_03/08/2020	Keynote	0
22_03/08/2020	Lightroom	0
22_03/08/2020	Mail	0
22_03/08/2020	Microsoft PowerPoint	0
22_03/08/2020	Microsoft Teams	0
22_03/08/2020	Pages	0
22_03/08/2020	Photoshop CC	21
22_03/08/2020	Safari	7
22_03/08/2020	Skype	0
22_03/08/2020	Sublime Text	0
22_03/08/2020	WhatsApp	0
22_03/08/2020	iMovie	0
22_03/08/2020	zoom.us	0
23_03/09/2020	Adobe Illustrator CC 2018	0
23_03/09/2020	FaceTime	0
23_03/09/2020	Firefox	0
23_03/09/2020	Google Chrome	0
23_03/09/2020	InDesign CC	0
23_03/09/2020	Keynote	0
23_03/09/2020	Lightroom	0
23_03/09/2020	Mail	0
23_03/09/2020	Microsoft PowerPoint	0
23_03/09/2020	Microsoft Teams	0
23_03/09/2020	Pages	0
23_03/09/2020	Photoshop CC	274
23_03/09/2020	Safari	1
23_03/09/2020	Skype	0
23_03/09/2020	Sublime Text	0
23_03/09/2020	WhatsApp	0
23_03/09/2020	iMovie	0
23_03/09/2020	zoom.us	0
24_03/10/2020	Adobe Illustrator CC 2018	0
24_03/10/2020	FaceTime	0
24_03/10/2020	Firefox	0
24_03/10/2020	Google Chrome	0
24_03/10/2020	InDesign CC	0
24_03/10/2020	Keynote	0
24_03/10/2020	Lightroom	0
24_03/10/2020	Mail	0
24_03/10/2020	Microsoft PowerPoint	0
24_03/10/2020	Microsoft Teams	0
24_03/10/2020	Pages	0
24_03/10/2020	Photoshop CC	31
24_03/10/2020	Safari	0
24_03/10/2020	Skype	0
24_03/10/2020	Sublime Text	0
24_03/10/2020	WhatsApp	0
24_03/10/2020	iMovie	0
24_03/10/2020	zoom.us	0
25_03/11/2020	Adobe Illustrator CC 2018	0
25_03/11/2020	FaceTime	0
25_03/11/2020	Firefox	0
25_03/11/2020	Google Chrome	0
25_03/11/2020	InDesign CC	0
25_03/11/2020	Keynote	0
25_03/11/2020	Lightroom	1
25_03/11/2020	Mail	0
25_03/11/2020	Microsoft PowerPoint	0
25_03/11/2020	Microsoft Teams	0
25_03/11/2020	Pages	0
25_03/11/2020	Photoshop CC	260
25_03/11/2020	Safari	42
25_03/11/2020	Skype	0
25_03/11/2020	Sublime Text	0
25_03/11/2020	WhatsApp	10
25_03/11/2020	iMovie	0
25_03/11/2020	zoom.us	0
26_03/12/2020	Adobe Illustrator CC 2018	0
26_03/12/2020	FaceTime	0
26_03/12/2020	Firefox	0
26_03/12/2020	Google Chrome	0
26_03/12/2020	InDesign CC	0
26_03/12/2020	Keynote	0
26_03/12/2020	Lightroom	0
26_03/12/2020	Mail	0
26_03/12/2020	Microsoft PowerPoint	0
26_03/12/2020	Microsoft Teams	0
26_03/12/2020	Pages	0
26_03/12/2020	Photoshop CC	182
26_03/12/2020	Safari	184
26_03/12/2020	Skype	0
26_03/12/2020	Sublime Text	0
26_03/12/2020	WhatsApp	0
26_03/12/2020	iMovie	0
26_03/12/2020	zoom.us	0
27_03/13/2020	Adobe Illustrator CC 2018	0
27_03/13/2020	FaceTime	0
27_03/13/2020	Firefox	0
27_03/13/2020	Google Chrome	0
27_03/13/2020	InDesign CC	0
27_03/13/2020	Keynote	0
27_03/13/2020	Lightroom	0
27_03/13/2020	Mail	0
27_03/13/2020	Microsoft PowerPoint	0
27_03/13/2020	Microsoft Teams	0
27_03/13/2020	Pages	0
27_03/13/2020	Photoshop CC	13
27_03/13/2020	Safari	0
27_03/13/2020	Skype	0
27_03/13/2020	Sublime Text	0
27_03/13/2020	WhatsApp	0
27_03/13/2020	iMovie	0
27_03/13/2020	zoom.us	0
28_03/15/2020	Adobe Illustrator CC 2018	0
28_03/15/2020	FaceTime	0
28_03/15/2020	Firefox	0
28_03/15/2020	Google Chrome	0
28_03/15/2020	InDesign CC	0
28_03/15/2020	Keynote	0
28_03/15/2020	Lightroom	0
28_03/15/2020	Mail	0
28_03/15/2020	Microsoft PowerPoint	0
28_03/15/2020	Microsoft Teams	0
28_03/15/2020	Pages	0
28_03/15/2020	Photoshop CC	0
28_03/15/2020	Safari	215
28_03/15/2020	Skype	0
28_03/15/2020	Sublime Text	0
28_03/15/2020	WhatsApp	0
28_03/15/2020	iMovie	0
28_03/15/2020	zoom.us	0
29_03/16/2020	Adobe Illustrator CC 2018	0
29_03/16/2020	FaceTime	0
29_03/16/2020	Firefox	0
29_03/16/2020	Google Chrome	14
29_03/16/2020	InDesign CC	0
29_03/16/2020	Keynote	0
29_03/16/2020	Lightroom	0
29_03/16/2020	Mail	0
29_03/16/2020	Microsoft PowerPoint	0
29_03/16/2020	Microsoft Teams	0
29_03/16/2020	Pages	0
29_03/16/2020	Photoshop CC	15
29_03/16/2020	Safari	22
29_03/16/2020	Skype	0
29_03/16/2020	Sublime Text	0
29_03/16/2020	WhatsApp	0
29_03/16/2020	iMovie	0
29_03/16/2020	zoom.us	0
30_03/17/2020	Adobe Illustrator CC 2018	0
30_03/17/2020	FaceTime	0
30_03/17/2020	Firefox	0
30_03/17/2020	Google Chrome	0
30_03/17/2020	InDesign CC	0
30_03/17/2020	Keynote	0
30_03/17/2020	Lightroom	0
30_03/17/2020	Mail	0
30_03/17/2020	Microsoft PowerPoint	0
30_03/17/2020	Microsoft Teams	0
30_03/17/2020	Pages	0
30_03/17/2020	Photoshop CC	0
30_03/17/2020	Safari	20
30_03/17/2020	Skype	0
30_03/17/2020	Sublime Text	0
30_03/17/2020	WhatsApp	0
30_03/17/2020	iMovie	0
30_03/17/2020	zoom.us	0
31_03/19/2020	Adobe Illustrator CC 2018	0
31_03/19/2020	FaceTime	0
31_03/19/2020	Firefox	0
31_03/19/2020	Google Chrome	0
31_03/19/2020	InDesign CC	0
31_03/19/2020	Keynote	0
31_03/19/2020	Lightroom	0
31_03/19/2020	Mail	0
31_03/19/2020	Microsoft PowerPoint	0
31_03/19/2020	Microsoft Teams	0
31_03/19/2020	Pages	0
31_03/19/2020	Photoshop CC	0
31_03/19/2020	Safari	22
31_03/19/2020	Skype	0
31_03/19/2020	Sublime Text	0
31_03/19/2020	WhatsApp	0
31_03/19/2020	iMovie	0
31_03/19/2020	zoom.us	0
32_03/20/2020	Adobe Illustrator CC 2018	0
32_03/20/2020	FaceTime	0
32_03/20/2020	Firefox	0
32_03/20/2020	Google Chrome	3
32_03/20/2020	InDesign CC	0
32_03/20/2020	Keynote	0
32_03/20/2020	Lightroom	35
32_03/20/2020	Mail	0
32_03/20/2020	Microsoft PowerPoint	0
32_03/20/2020	Microsoft Teams	0
32_03/20/2020	Pages	0
32_03/20/2020	Photoshop CC	150
32_03/20/2020	Safari	32
32_03/20/2020	Skype	0
32_03/20/2020	Sublime Text	0
32_03/20/2020	WhatsApp	0
32_03/20/2020	iMovie	0
32_03/20/2020	zoom.us	0
33_03/21/2020	Adobe Illustrator CC 2018	0
33_03/21/2020	FaceTime	0
33_03/21/2020	Firefox	0
33_03/21/2020	Google Chrome	0
33_03/21/2020	InDesign CC	0
33_03/21/2020	Keynote	0
33_03/21/2020	Lightroom	0
33_03/21/2020	Mail	0
33_03/21/2020	Microsoft PowerPoint	0
33_03/21/2020	Microsoft Teams	3
33_03/21/2020	Pages	0
33_03/21/2020	Photoshop CC	196
33_03/21/2020	Safari	120
33_03/21/2020	Skype	2
33_03/21/2020	Sublime Text	0
33_03/21/2020	WhatsApp	0
33_03/21/2020	iMovie	0
33_03/21/2020	zoom.us	0
34_03/22/2020	Adobe Illustrator CC 2018	0
34_03/22/2020	FaceTime	0
34_03/22/2020	Firefox	0
34_03/22/2020	Google Chrome	0
34_03/22/2020	InDesign CC	0
34_03/22/2020	Keynote	0
34_03/22/2020	Lightroom	0
34_03/22/2020	Mail	0
34_03/22/2020	Microsoft PowerPoint	0
34_03/22/2020	Microsoft Teams	0
34_03/22/2020	Pages	0
34_03/22/2020	Photoshop CC	301
34_03/22/2020	Safari	382
34_03/22/2020	Skype	0
34_03/22/2020	Sublime Text	0
34_03/22/2020	WhatsApp	0
34_03/22/2020	iMovie	0
34_03/22/2020	zoom.us	0
35_03/23/2020	Adobe Illustrator CC 2018	0
35_03/23/2020	FaceTime	0
35_03/23/2020	Firefox	0
35_03/23/2020	Google Chrome	0
35_03/23/2020	InDesign CC	0
35_03/23/2020	Keynote	0
35_03/23/2020	Lightroom	0
35_03/23/2020	Mail	1
35_03/23/2020	Microsoft PowerPoint	0
35_03/23/2020	Microsoft Teams	0
35_03/23/2020	Pages	0
35_03/23/2020	Photoshop CC	245
35_03/23/2020	Safari	74
35_03/23/2020	Skype	0
35_03/23/2020	Sublime Text	0
35_03/23/2020	WhatsApp	0
35_03/23/2020	iMovie	0
35_03/23/2020	zoom.us	0
36_03/24/2020	Adobe Illustrator CC 2018	0
36_03/24/2020	FaceTime	0
36_03/24/2020	Firefox	0
36_03/24/2020	Google Chrome	0
36_03/24/2020	InDesign CC	0
36_03/24/2020	Keynote	0
36_03/24/2020	Lightroom	0
36_03/24/2020	Mail	0
36_03/24/2020	Microsoft PowerPoint	0
36_03/24/2020	Microsoft Teams	6
36_03/24/2020	Pages	0
36_03/24/2020	Photoshop CC	240
36_03/24/2020	Safari	131
36_03/24/2020	Skype	0
36_03/24/2020	Sublime Text	0
36_03/24/2020	WhatsApp	0
36_03/24/2020	iMovie	0
36_03/24/2020	zoom.us	0
37_03/25/2020	Adobe Illustrator CC 2018	0
37_03/25/2020	FaceTime	0
37_03/25/2020	Firefox	0
37_03/25/2020	Google Chrome	2
37_03/25/2020	InDesign CC	0
37_03/25/2020	Keynote	0
37_03/25/2020	Lightroom	0
37_03/25/2020	Mail	0
37_03/25/2020	Microsoft PowerPoint	0
37_03/25/2020	Microsoft Teams	171
37_03/25/2020	Pages	3
37_03/25/2020	Photoshop CC	74
37_03/25/2020	Safari	193
37_03/25/2020	Skype	0
37_03/25/2020	Sublime Text	88
37_03/25/2020	WhatsApp	0
37_03/25/2020	iMovie	0
37_03/25/2020	zoom.us	0
38_03/26/2020	Adobe Illustrator CC 2018	0
38_03/26/2020	FaceTime	0
38_03/26/2020	Firefox	0
38_03/26/2020	Google Chrome	0
38_03/26/2020	InDesign CC	0
38_03/26/2020	Keynote	0
38_03/26/2020	Lightroom	0
38_03/26/2020	Mail	0
38_03/26/2020	Microsoft PowerPoint	0
38_03/26/2020	Microsoft Teams	0
38_03/26/2020	Pages	1
38_03/26/2020	Photoshop CC	18
38_03/26/2020	Safari	299
38_03/26/2020	Skype	0
38_03/26/2020	Sublime Text	94
38_03/26/2020	WhatsApp	0
38_03/26/2020	iMovie	0
38_03/26/2020	zoom.us	0
39_03/27/2020	Adobe Illustrator CC 2018	0
39_03/27/2020	FaceTime	0
39_03/27/2020	Firefox	0
39_03/27/2020	Google Chrome	0
39_03/27/2020	InDesign CC	0
39_03/27/2020	Keynote	0
39_03/27/2020	Lightroom	0
39_03/27/2020	Mail	0
39_03/27/2020	Microsoft PowerPoint	0
39_03/27/2020	Microsoft Teams	0
39_03/27/2020	Pages	0
39_03/27/2020	Photoshop CC	288
39_03/27/2020	Safari	216
39_03/27/2020	Skype	10
39_03/27/2020	Sublime Text	0
39_03/27/2020	WhatsApp	48
39_03/27/2020	iMovie	0
39_03/27/2020	zoom.us	0
40_03/28/2020	Adobe Illustrator CC 2018	0
40_03/28/2020	FaceTime	0
40_03/28/2020	Firefox	0
40_03/28/2020	Google Chrome	0
40_03/28/2020	InDesign CC	0
40_03/28/2020	Keynote	0
40_03/28/2020	Lightroom	0
40_03/28/2020	Mail	0
40_03/28/2020	Microsoft PowerPoint	0
40_03/28/2020	Microsoft Teams	0
40_03/28/2020	Pages	36
40_03/28/2020	Photoshop CC	410
40_03/28/2020	Safari	24
40_03/28/2020	Skype	0
40_03/28/2020	Sublime Text	0
40_03/28/2020	WhatsApp	0
40_03/28/2020	iMovie	0
40_03/28/2020	zoom.us	0
41_03/29/2020	Adobe Illustrator CC 2018	0
41_03/29/2020	FaceTime	0
41_03/29/2020	Firefox	0
41_03/29/2020	Google Chrome	0
41_03/29/2020	InDesign CC	0
41_03/29/2020	Keynote	0
41_03/29/2020	Lightroom	0
41_03/29/2020	Mail	0
41_03/29/2020	Microsoft PowerPoint	1
41_03/29/2020	Microsoft Teams	0
41_03/29/2020	Pages	0
41_03/29/2020	Photoshop CC	268
41_03/29/2020	Safari	3
41_03/29/2020	Skype	0
41_03/29/2020	Sublime Text	0
41_03/29/2020	WhatsApp	0
41_03/29/2020	iMovie	0
41_03/29/2020	zoom.us	0
42_03/30/2020	Adobe Illustrator CC 2018	0
42_03/30/2020	FaceTime	0
42_03/30/2020	Firefox	0
42_03/30/2020	Google Chrome	0
42_03/30/2020	InDesign CC	0
42_03/30/2020	Keynote	0
42_03/30/2020	Lightroom	0
42_03/30/2020	Mail	0
42_03/30/2020	Microsoft PowerPoint	0
42_03/30/2020	Microsoft Teams	93
42_03/30/2020	Pages	0
42_03/30/2020	Photoshop CC	548
42_03/30/2020	Safari	37
42_03/30/2020	Skype	0
42_03/30/2020	Sublime Text	0
42_03/30/2020	WhatsApp	0
42_03/30/2020	iMovie	0
42_03/30/2020	zoom.us	0
43_03/31/2020	Adobe Illustrator CC 2018	0
43_03/31/2020	FaceTime	0
43_03/31/2020	Firefox	0
43_03/31/2020	Google Chrome	0
43_03/31/2020	InDesign CC	0
43_03/31/2020	Keynote	0
43_03/31/2020	Lightroom	0
43_03/31/2020	Mail	0
43_03/31/2020	Microsoft PowerPoint	0
43_03/31/2020	Microsoft Teams	0
43_03/31/2020	Pages	0
43_03/31/2020	Photoshop CC	0
43_03/31/2020	Safari	107
43_03/31/2020	Skype	0
43_03/31/2020	Sublime Text	0
43_03/31/2020	WhatsApp	0
43_03/31/2020	iMovie	0
43_03/31/2020	zoom.us	1
44_04/01/2020	Adobe Illustrator CC 2018	0
44_04/01/2020	FaceTime	0
44_04/01/2020	Firefox	0
44_04/01/2020	Google Chrome	0
44_04/01/2020	InDesign CC	284
44_04/01/2020	Keynote	0
44_04/01/2020	Lightroom	0
44_04/01/2020	Mail	0
44_04/01/2020	Microsoft PowerPoint	0
44_04/01/2020	Microsoft Teams	0
44_04/01/2020	Pages	4
44_04/01/2020	Photoshop CC	0
44_04/01/2020	Safari	317
44_04/01/2020	Skype	0
44_04/01/2020	Sublime Text	0
44_04/01/2020	WhatsApp	9
44_04/01/2020	iMovie	3
44_04/01/2020	zoom.us	90
45_04/02/2020	Adobe Illustrator CC 2018	0
45_04/02/2020	FaceTime	0
45_04/02/2020	Firefox	77
45_04/02/2020	Google Chrome	1
45_04/02/2020	InDesign CC	1
45_04/02/2020	Keynote	0
45_04/02/2020	Lightroom	0
45_04/02/2020	Mail	0
45_04/02/2020	Microsoft PowerPoint	0
45_04/02/2020	Microsoft Teams	0
45_04/02/2020	Pages	32
45_04/02/2020	Photoshop CC	139
45_04/02/2020	Safari	112
45_04/02/2020	Skype	154
45_04/02/2020	Sublime Text	0
45_04/02/2020	WhatsApp	9
45_04/02/2020	iMovie	0
45_04/02/2020	zoom.us	0
46_04/03/2020	Adobe Illustrator CC 2018	0
46_04/03/2020	FaceTime	0
46_04/03/2020	Firefox	0
46_04/03/2020	Google Chrome	0
46_04/03/2020	InDesign CC	0
46_04/03/2020	Keynote	0
46_04/03/2020	Lightroom	0
46_04/03/2020	Mail	0
46_04/03/2020	Microsoft PowerPoint	0
46_04/03/2020	Microsoft Teams	0
46_04/03/2020	Pages	0
46_04/03/2020	Photoshop CC	409
46_04/03/2020	Safari	90
46_04/03/2020	Skype	45
46_04/03/2020	Sublime Text	0
46_04/03/2020	WhatsApp	0
46_04/03/2020	iMovie	0
46_04/03/2020	zoom.us	0
47_04/04/2020	Adobe Illustrator CC 2018	0
47_04/04/2020	FaceTime	0
47_04/04/2020	Firefox	0
47_04/04/2020	Google Chrome	0
47_04/04/2020	InDesign CC	0
47_04/04/2020	Keynote	0
47_04/04/2020	Lightroom	0
47_04/04/2020	Mail	0
47_04/04/2020	Microsoft PowerPoint	0
47_04/04/2020	Microsoft Teams	0
47_04/04/2020	Pages	0
47_04/04/2020	Photoshop CC	180
47_04/04/2020	Safari	9
47_04/04/2020	Skype	0
47_04/04/2020	Sublime Text	0
47_04/04/2020	WhatsApp	4
47_04/04/2020	iMovie	0
47_04/04/2020	zoom.us	0
48_04/05/2020	Adobe Illustrator CC 2018	0
48_04/05/2020	FaceTime	0
48_04/05/2020	Firefox	0
48_04/05/2020	Google Chrome	0
48_04/05/2020	InDesign CC	0
48_04/05/2020	Keynote	0
48_04/05/2020	Lightroom	0
48_04/05/2020	Mail	0
48_04/05/2020	Microsoft PowerPoint	0
48_04/05/2020	Microsoft Teams	0
48_04/05/2020	Pages	0
48_04/05/2020	Photoshop CC	0
48_04/05/2020	Safari	136
48_04/05/2020	Skype	0
48_04/05/2020	Sublime Text	48
48_04/05/2020	WhatsApp	0
48_04/05/2020	iMovie	0
48_04/05/2020	zoom.us	0
49_04/06/2020	Adobe Illustrator CC 2018	0
49_04/06/2020	FaceTime	0
49_04/06/2020	Firefox	0
49_04/06/2020	Google Chrome	0
49_04/06/2020	InDesign CC	0
49_04/06/2020	Keynote	0
49_04/06/2020	Lightroom	0
49_04/06/2020	Mail	0
49_04/06/2020	Microsoft PowerPoint	0
49_04/06/2020	Microsoft Teams	0
49_04/06/2020	Pages	0
49_04/06/2020	Photoshop CC	81
49_04/06/2020	Safari	168
49_04/06/2020	Skype	0
49_04/06/2020	Sublime Text	71
49_04/06/2020	WhatsApp	0
49_04/06/2020	iMovie	0
49_04/06/2020	zoom.us	0
50_04/07/2020	Adobe Illustrator CC 2018	0
50_04/07/2020	FaceTime	0
50_04/07/2020	Firefox	0
50_04/07/2020	Google Chrome	0
50_04/07/2020	InDesign CC	52
50_04/07/2020	Keynote	0
50_04/07/2020	Lightroom	0
50_04/07/2020	Mail	0
50_04/07/2020	Microsoft PowerPoint	0
50_04/07/2020	Microsoft Teams	19
50_04/07/2020	Pages	0
50_04/07/2020	Photoshop CC	3
50_04/07/2020	Safari	259
50_04/07/2020	Skype	0
50_04/07/2020	Sublime Text	149
50_04/07/2020	WhatsApp	0
50_04/07/2020	iMovie	0
50_04/07/2020	zoom.us	80
51_04/08/2020	Adobe Illustrator CC 2018	0
51_04/08/2020	FaceTime	0
51_04/08/2020	Firefox	0
51_04/08/2020	Google Chrome	0
51_04/08/2020	InDesign CC	0
51_04/08/2020	Keynote	0
51_04/08/2020	Lightroom	0
51_04/08/2020	Mail	0
51_04/08/2020	Microsoft PowerPoint	0
51_04/08/2020	Microsoft Teams	0
51_04/08/2020	Pages	0
51_04/08/2020	Photoshop CC	0
51_04/08/2020	Safari	264
51_04/08/2020	Skype	25
51_04/08/2020	Sublime Text	135
51_04/08/2020	WhatsApp	0
51_04/08/2020	iMovie	0
51_04/08/2020	zoom.us	92
52_04/09/2020	Adobe Illustrator CC 2018	0
52_04/09/2020	FaceTime	0
52_04/09/2020	Firefox	0
52_04/09/2020	Google Chrome	0
52_04/09/2020	InDesign CC	0
52_04/09/2020	Keynote	0
52_04/09/2020	Lightroom	0
52_04/09/2020	Mail	0
52_04/09/2020	Microsoft PowerPoint	0
52_04/09/2020	Microsoft Teams	0
52_04/09/2020	Pages	0
52_04/09/2020	Photoshop CC	0
52_04/09/2020	Safari	108
52_04/09/2020	Skype	0
52_04/09/2020	Sublime Text	1
52_04/09/2020	WhatsApp	1
52_04/09/2020	iMovie	0
52_04/09/2020	zoom.us	98
53_04/10/2020	Adobe Illustrator CC 2018	0
53_04/10/2020	FaceTime	0
53_04/10/2020	Firefox	0
53_04/10/2020	Google Chrome	0
53_04/10/2020	InDesign CC	0
53_04/10/2020	Keynote	0
53_04/10/2020	Lightroom	0
53_04/10/2020	Mail	0
53_04/10/2020	Microsoft PowerPoint	0
53_04/10/2020	Microsoft Teams	85
53_04/10/2020	Pages	0
53_04/10/2020	Photoshop CC	0
53_04/10/2020	Safari	23
53_04/10/2020	Skype	70
53_04/10/2020	Sublime Text	0
53_04/10/2020	WhatsApp	0
53_04/10/2020	iMovie	0
53_04/10/2020	zoom.us	0
54_04/12/2020	Adobe Illustrator CC 2018	0
54_04/12/2020	FaceTime	0
54_04/12/2020	Firefox	0
54_04/12/2020	Google Chrome	0
54_04/12/2020	InDesign CC	16
54_04/12/2020	Keynote	0
54_04/12/2020	Lightroom	0
54_04/12/2020	Mail	0
54_04/12/2020	Microsoft PowerPoint	0
54_04/12/2020	Microsoft Teams	0
54_04/12/2020	Pages	0
54_04/12/2020	Photoshop CC	32
54_04/12/2020	Safari	55
54_04/12/2020	Skype	0
54_04/12/2020	Sublime Text	0
54_04/12/2020	WhatsApp	0
54_04/12/2020	iMovie	0
54_04/12/2020	zoom.us	0
55_04/13/2020	Adobe Illustrator CC 2018	0
55_04/13/2020	FaceTime	139
55_04/13/2020	Firefox	0
55_04/13/2020	Google Chrome	0
55_04/13/2020	InDesign CC	130
55_04/13/2020	Keynote	0
55_04/13/2020	Lightroom	0
55_04/13/2020	Mail	0
55_04/13/2020	Microsoft PowerPoint	0
55_04/13/2020	Microsoft Teams	0
55_04/13/2020	Pages	0
55_04/13/2020	Photoshop CC	349
55_04/13/2020	Safari	15
55_04/13/2020	Skype	2
55_04/13/2020	Sublime Text	0
55_04/13/2020	WhatsApp	17
55_04/13/2020	iMovie	0
55_04/13/2020	zoom.us	0
56_04/14/2020	Adobe Illustrator CC 2018	0
56_04/14/2020	FaceTime	0
56_04/14/2020	Firefox	0
56_04/14/2020	Google Chrome	0
56_04/14/2020	InDesign CC	50
56_04/14/2020	Keynote	0
56_04/14/2020	Lightroom	0
56_04/14/2020	Mail	0
56_04/14/2020	Microsoft PowerPoint	0
56_04/14/2020	Microsoft Teams	0
56_04/14/2020	Pages	0
56_04/14/2020	Photoshop CC	287
56_04/14/2020	Safari	267
56_04/14/2020	Skype	0
56_04/14/2020	Sublime Text	0
56_04/14/2020	WhatsApp	0
56_04/14/2020	iMovie	0
56_04/14/2020	zoom.us	0
57_04/15/2020	Adobe Illustrator CC 2018	0
57_04/15/2020	FaceTime	0
57_04/15/2020	Firefox	0
57_04/15/2020	Google Chrome	0
57_04/15/2020	InDesign CC	95
57_04/15/2020	Keynote	0
57_04/15/2020	Lightroom	0
57_04/15/2020	Mail	0
57_04/15/2020	Microsoft PowerPoint	0
57_04/15/2020	Microsoft Teams	0
57_04/15/2020	Pages	0
57_04/15/2020	Photoshop CC	146
57_04/15/2020	Safari	141
57_04/15/2020	Skype	0
57_04/15/2020	Sublime Text	231
57_04/15/2020	WhatsApp	0
57_04/15/2020	iMovie	0
57_04/15/2020	zoom.us	0
58_04/16/2020	Adobe Illustrator CC 2018	0
58_04/16/2020	FaceTime	0
58_04/16/2020	Firefox	0
58_04/16/2020	Google Chrome	0
58_04/16/2020	InDesign CC	3
58_04/16/2020	Keynote	0
58_04/16/2020	Lightroom	0
58_04/16/2020	Mail	0
58_04/16/2020	Microsoft PowerPoint	0
58_04/16/2020	Microsoft Teams	125
58_04/16/2020	Pages	0
58_04/16/2020	Photoshop CC	42
58_04/16/2020	Safari	149
58_04/16/2020	Skype	3
58_04/16/2020	Sublime Text	104
58_04/16/2020	WhatsApp	0
58_04/16/2020	iMovie	0
58_04/16/2020	zoom.us	0
59_04/17/2020	Adobe Illustrator CC 2018	0
59_04/17/2020	FaceTime	0
59_04/17/2020	Firefox	0
59_04/17/2020	Google Chrome	0
59_04/17/2020	InDesign CC	4
59_04/17/2020	Keynote	0
59_04/17/2020	Lightroom	0
59_04/17/2020	Mail	0
59_04/17/2020	Microsoft PowerPoint	0
59_04/17/2020	Microsoft Teams	0
59_04/17/2020	Pages	0
59_04/17/2020	Photoshop CC	93
59_04/17/2020	Safari	282
59_04/17/2020	Skype	5
59_04/17/2020	Sublime Text	0
59_04/17/2020	WhatsApp	0
59_04/17/2020	iMovie	0
59_04/17/2020	zoom.us	0
60_04/18/2020	Adobe Illustrator CC 2018	0
60_04/18/2020	FaceTime	0
60_04/18/2020	Firefox	0
60_04/18/2020	Google Chrome	0
60_04/18/2020	InDesign CC	113
60_04/18/2020	Keynote	0
60_04/18/2020	Lightroom	0
60_04/18/2020	Mail	0
60_04/18/2020	Microsoft PowerPoint	0
60_04/18/2020	Microsoft Teams	1
60_04/18/2020	Pages	0
60_04/18/2020	Photoshop CC	164
60_04/18/2020	Safari	99
60_04/18/2020	Skype	97
60_04/18/2020	Sublime Text	0
60_04/18/2020	WhatsApp	0
60_04/18/2020	iMovie	0
60_04/18/2020	zoom.us	0
61_04/19/2020	Adobe Illustrator CC 2018	0
61_04/19/2020	FaceTime	0
61_04/19/2020	Firefox	0
61_04/19/2020	Google Chrome	0
61_04/19/2020	InDesign CC	95
61_04/19/2020	Keynote	0
61_04/19/2020	Lightroom	0
61_04/19/2020	Mail	0
61_04/19/2020	Microsoft PowerPoint	0
61_04/19/2020	Microsoft Teams	0
61_04/19/2020	Pages	0
61_04/19/2020	Photoshop CC	364
61_04/19/2020	Safari	53
61_04/19/2020	Skype	0
61_04/19/2020	Sublime Text	0
61_04/19/2020	WhatsApp	0
61_04/19/2020	iMovie	0
61_04/19/2020	zoom.us	0
62_04/20/2020	Adobe Illustrator CC 2018	0
62_04/20/2020	FaceTime	0
62_04/20/2020	Firefox	0
62_04/20/2020	Google Chrome	0
62_04/20/2020	InDesign CC	197
62_04/20/2020	Keynote	0
62_04/20/2020	Lightroom	0
62_04/20/2020	Mail	0
62_04/20/2020	Microsoft PowerPoint	0
62_04/20/2020	Microsoft Teams	64
62_04/20/2020	Pages	1
62_04/20/2020	Photoshop CC	57
62_04/20/2020	Safari	251
62_04/20/2020	Skype	105
62_04/20/2020	Sublime Text	0
62_04/20/2020	WhatsApp	0
62_04/20/2020	iMovie	4
62_04/20/2020	zoom.us	0
63_04/21/2020	Adobe Illustrator CC 2018	0
63_04/21/2020	FaceTime	0
63_04/21/2020	Firefox	0
63_04/21/2020	Google Chrome	0
63_04/21/2020	InDesign CC	115
63_04/21/2020	Keynote	0
63_04/21/2020	Lightroom	0
63_04/21/2020	Mail	0
63_04/21/2020	Microsoft PowerPoint	0
63_04/21/2020	Microsoft Teams	97
63_04/21/2020	Pages	0
63_04/21/2020	Photoshop CC	122
63_04/21/2020	Safari	414
63_04/21/2020	Skype	0
63_04/21/2020	Sublime Text	0
63_04/21/2020	WhatsApp	0
63_04/21/2020	iMovie	8
63_04/21/2020	zoom.us	0
64_04/22/2020	Adobe Illustrator CC 2018	4
64_04/22/2020	FaceTime	0
64_04/22/2020	Firefox	0
64_04/22/2020	Google Chrome	0
64_04/22/2020	InDesign CC	36
64_04/22/2020	Keynote	55
64_04/22/2020	Lightroom	0
64_04/22/2020	Mail	0
64_04/22/2020	Microsoft PowerPoint	0
64_04/22/2020	Microsoft Teams	147
64_04/22/2020	Pages	0
64_04/22/2020	Photoshop CC	27
64_04/22/2020	Safari	97
64_04/22/2020	Skype	77
64_04/22/2020	Sublime Text	0
64_04/22/2020	WhatsApp	0
64_04/22/2020	iMovie	0
64_04/22/2020	zoom.us	0
65_04/23/2020	Adobe Illustrator CC 2018	15
65_04/23/2020	FaceTime	0
65_04/23/2020	Firefox	0
65_04/23/2020	Google Chrome	0
65_04/23/2020	InDesign CC	18
65_04/23/2020	Keynote	73
65_04/23/2020	Lightroom	0
65_04/23/2020	Mail	0
65_04/23/2020	Microsoft PowerPoint	0
65_04/23/2020	Microsoft Teams	59
65_04/23/2020	Pages	0
65_04/23/2020	Photoshop CC	197
65_04/23/2020	Safari	245
65_04/23/2020	Skype	0
65_04/23/2020	Sublime Text	0
65_04/23/2020	WhatsApp	2
65_04/23/2020	iMovie	0
65_04/23/2020	zoom.us	0
66_04/24/2020	Adobe Illustrator CC 2018	2
66_04/24/2020	FaceTime	0
66_04/24/2020	Firefox	0
66_04/24/2020	Google Chrome	0
66_04/24/2020	InDesign CC	5
66_04/24/2020	Keynote	0
66_04/24/2020	Lightroom	0
66_04/24/2020	Mail	0
66_04/24/2020	Microsoft PowerPoint	0
66_04/24/2020	Microsoft Teams	64
66_04/24/2020	Pages	5
66_04/24/2020	Photoshop CC	5
66_04/24/2020	Safari	445
66_04/24/2020	Skype	61
66_04/24/2020	Sublime Text	0
66_04/24/2020	WhatsApp	3
66_04/24/2020	iMovie	0
66_04/24/2020	zoom.us	0
67_04/25/2020	Adobe Illustrator CC 2018	0
67_04/25/2020	FaceTime	0
67_04/25/2020	Firefox	0
67_04/25/2020	Google Chrome	0
67_04/25/2020	InDesign CC	0
67_04/25/2020	Keynote	0
67_04/25/2020	Lightroom	0
67_04/25/2020	Mail	0
67_04/25/2020	Microsoft PowerPoint	0
67_04/25/2020	Microsoft Teams	0
67_04/25/2020	Pages	0
67_04/25/2020	Photoshop CC	0
67_04/25/2020	Safari	224
67_04/25/2020	Skype	1
67_04/25/2020	Sublime Text	0
67_04/25/2020	WhatsApp	0
67_04/25/2020	iMovie	0
67_04/25/2020	zoom.us	0
68_04/26/2020	Adobe Illustrator CC 2018	3
68_04/26/2020	FaceTime	0
68_04/26/2020	Firefox	0
68_04/26/2020	Google Chrome	0
68_04/26/2020	InDesign CC	4
68_04/26/2020	Keynote	0
68_04/26/2020	Lightroom	7
68_04/26/2020	Mail	0
68_04/26/2020	Microsoft PowerPoint	0
68_04/26/2020	Microsoft Teams	0
68_04/26/2020	Pages	0
68_04/26/2020	Photoshop CC	15
68_04/26/2020	Safari	207
68_04/26/2020	Skype	0
68_04/26/2020	Sublime Text	126
68_04/26/2020	WhatsApp	11
68_04/26/2020	iMovie	0
68_04/26/2020	zoom.us	0
69_04/27/2020	Adobe Illustrator CC 2018	0
69_04/27/2020	FaceTime	0
69_04/27/2020	Firefox	0
69_04/27/2020	Google Chrome	0
69_04/27/2020	InDesign CC	0
69_04/27/2020	Keynote	0
69_04/27/2020	Lightroom	0
69_04/27/2020	Mail	0
69_04/27/2020	Microsoft PowerPoint	0
69_04/27/2020	Microsoft Teams	103
69_04/27/2020	Pages	1
69_04/27/2020	Photoshop CC	219
69_04/27/2020	Safari	386
69_04/27/2020	Skype	84
69_04/27/2020	Sublime Text	0
69_04/27/2020	WhatsApp	2
69_04/27/2020	iMovie	0
69_04/27/2020	zoom.us	0
70_04/28/2020	Adobe Illustrator CC 2018	0
70_04/28/2020	FaceTime	0
70_04/28/2020	Firefox	0
70_04/28/2020	Google Chrome	0
70_04/28/2020	InDesign CC	0
70_04/28/2020	Keynote	0
70_04/28/2020	Lightroom	0
70_04/28/2020	Mail	0
70_04/28/2020	Microsoft PowerPoint	0
70_04/28/2020	Microsoft Teams	0
70_04/28/2020	Pages	0
70_04/28/2020	Photoshop CC	70
70_04/28/2020	Safari	343
70_04/28/2020	Skype	48
70_04/28/2020	Sublime Text	217
70_04/28/2020	WhatsApp	1
70_04/28/2020	iMovie	3
70_04/28/2020	zoom.us	0
71_04/29/2020	Adobe Illustrator CC 2018	0
71_04/29/2020	FaceTime	0
71_04/29/2020	Firefox	0
71_04/29/2020	Google Chrome	0
71_04/29/2020	InDesign CC	0
71_04/29/2020	Keynote	0
71_04/29/2020	Lightroom	0
71_04/29/2020	Mail	0
71_04/29/2020	Microsoft PowerPoint	0
71_04/29/2020	Microsoft Teams	0
71_04/29/2020	Pages	0
71_04/29/2020	Photoshop CC	28
71_04/29/2020	Safari	326
71_04/29/2020	Skype	28
71_04/29/2020	Sublime Text	203
71_04/29/2020	WhatsApp	12
71_04/29/2020	iMovie	0
71_04/29/2020	zoom.us	124
72_04/30/2020	Adobe Illustrator CC 2018	117
72_04/30/2020	FaceTime	0
72_04/30/2020	Firefox	0
72_04/30/2020	Google Chrome	0
72_04/30/2020	InDesign CC	0
72_04/30/2020	Keynote	0
72_04/30/2020	Lightroom	0
72_04/30/2020	Mail	0
72_04/30/2020	Microsoft PowerPoint	0
72_04/30/2020	Microsoft Teams	0
72_04/30/2020	Pages	0
72_04/30/2020	Photoshop CC	107
72_04/30/2020	Safari	222
72_04/30/2020	Skype	120
72_04/30/2020	Sublime Text	37
72_04/30/2020	WhatsApp	0
72_04/30/2020	iMovie	0
72_04/30/2020	zoom.us	200